<?xml version="1.0" encoding="UTF-8" standalone="yes"?>
 <app version="2">
   <name>WiiSX</name>
   <coder>Wii64 Team</coder>
   <version>Beta 2.1.1</version>
   <release_date>201106070000</release_date>
   <short_description>PSX Emulator for Wii</short_description>
   <long_description>

Wii64 Team is:
General Coder - emu_kidid
Graphics &amp; Menu Coder - sepp256  
Audio &amp; Core Coder - tehpola  

The Wii64Team proudly presents WiiSX Beta 2.1.1
WiiSX is a port of PCSX to the Wii

Special Thanks to:
drmr - Graphics
shagkur/WinterMute - libogc/devkitPPC
Team Twiizers for Wii homebrew
bg4545 - compiling with latest libogc SVN (June.7.2011)

WiiSX and the WiiSX logo are trademarks of the Wii64 Team and should not be used in unofficial builds.
   </long_description>
 </app>
