<?xml version="1.0" encoding="UTF-8" standalone="yes"?>
	<app version="1">
		<name>sysCheck</name>
		<coder>Double_A, R2-D2199 and Nano</coder>
		<version>2.1.0.b19</version>
		<release_date>20121227000000</release_date>
		<short_description>System Checker</short_description>
		<long_description>Homebrew application which does several checks on installed IOS and custom IOS:
	- Base IOS Detection
                - IOS Stub;
	- Fake signature (aka Trucha Bug);
	- ES_DiVerify (aka ES_Identify);
	- Flash Access;
	- NAND Access;
	- Boot2 Access;
	- USB 2.0.

sysCheck generates a report on the root of the SD card (sd:/sysCheck.csv).

The author can not be held responsible for any damage sysCheck might cause!

------------------
Changelog

Version 2.1.0.b19
* Fixed HBC 1.1.x detection, thanks Nano
* Added HBF detection, thanks Nano
* Added DIOS MIOS detection

Version 2.1.0.b18
* Fixed HBC 1.1.0 detection
* Compiled with libogc 1.8.9 (this should fix the newer wii motes)

Version 2.1.0.b17
* Fixed bug in stub detection / changed stub detection
* Added some debug outputs
* New Italian translation by Roberto Boriotti

Version 2.1.0.b16
* Changed HTTP GET to HTTP POST request in sysCheck transmission
* Added debug log file option (in meta.xml change parameter "--debug=false" to "--debug=true")
* Hopefully fixed crash when no HW_AHBPROT is available
* Some bugfixes and improvements

Version 2.1.0.b15
* Changed drive detection to drive date detection
* Report upload feature
* Some bugfixes in base IOS detection
* Fixed some typos in some languages
* Added detection for region changed Wiis, thanks Joostinonline

Version 2.1.0.b14
* Added drive detection
* Compiled with libOGC 1.8.8

Version 2.1.0.b13
* Improved Base IOS detection
* Added PreFiix detection
* Added IOS252 (bootcb2) detection

Version 2.1.0.b12
* Fixed "Priiloader NAND Access Bug", thanks BoehserOnkel
* Fixed HW_AHBPROT Bug, thanks davebaol
* Improved Base IOS Detection, thanks Black.Pearl
* Added Gecko output/debugging
* Added update function

Version 2.1.0.b11
* Code improvements

Version 2.1.0.b10
* Added HW_AHBPROT to use the new Base IOS Detection faster
* Improved Base IOS Detection
* Added Indetification for IOS patched with SIP

Version 2.1.0.b9
* Improved Base IOS Detection
* Added new Base IOS Detection (thanks to WiiPower)
* Integrated IOSinfo Tool
* Added Priiloader Detection

Version 2.1.0.b8
* Improved Base IOS Detection
* New Stub Detection
* New Page scroll function in syscheck viewer
* fixed french language, thanks to rlelamer

Version 2.1.0.b7
* Improved Base IOS Detection
* Prepared USB Support

Version 2.1.0.b6
* Improved Base IOS Detection
* Added IOS58 USB2.0 Detection
* Added IOS253 NANDEmu Detection

Version 2.1.0.b5
* Bugfixes

Version 2.1.0.b4
* Improved Base IOS Detection (cIOSX rev21)
* Added Systemmenue Detection by IOS

Version 2.1.0.b3
* Bugfixes
* Improved Base IOS Detection
* Added HBC Detection

Version 2.1.0.b2
* Bugfixes
* Improved Base IOS Detection

Version 2.1.0.b
* Base IOS Detection

Version 2.0.1
* Fixed Bug in English System Menu version (v-2145571844)
* Shows which IOS is beeing tested
* Added French translation (thx Attila)

Version 2.0
* Added a very nice GUI (thx NeoRame)
* Improved report text (no Enabled/Disabled anymore)
* Added BC and MIOS check
* Report can be displayed without SD
* Fixed some bugs
* Easy to translate (language file in source)

Version 1.6.3
* Automatically detect the language settings (supports English and German only);
* Possible to select individual IOS to check;
* Select "back to HBC", "back to System Menu" or "shutdown" at the end;
* Option to read the report directly on Wii at the end.

Version 1.6.2
* Automatically detect the language settings (supports English and French only);
* Improve IOS stubs detection;
* Recompiled with the latest version of DevkitPro;
* Code cleanup.

Version 1.6.1
* Fix BootMii as IOS issue.

Version 1.6
* Improve IOS Stubs detection;
* Improve Fake Signature check;
* Check for NAND Access;
* Display Hollywood GPU version;
* Display Console ID;
* Display Boot2 version.

Version 1.5
* Fix IOS202 issue;
* Improve IOS stubs detection;
* Error handling corrections;
* Wii Light is turn on when generating the CSV report;
* Code cleanup.

Version 1.4
* Check for USB 2.0 IOS Tree;
* Display the current date and time in the report;
* Recompiled with the latest version of DevkitPro;
* Code cleanup.

Version 1.3 (unreleased)
* Detect the console region;
* Error handling corrections.

Version 1.2 (unreleased)
* Check for Flash Access;
* Check for Boot2 Access.

Version 1.1
* Fix IOS stubs detection;
* Fix IOS revision number displayed on Reload;
* Code cleanup.

Version 1.0
* Initial public release
</long_description>
<arguments>
	<arg>--debug=false</arg>
</arguments>

<no_ios_reload/>
	</app>