<?xml version="1.0" encoding="UTF-8" standalone="yes"?>
 <app version="1.3">
   <name>Wii64 | Rice GFX</name>
   <coder>Wii64 Team</coder>
   <version>Beta 1.3</version>
   <release_date>202112221144</release_date>
   <short_description>N64 Emulator for Wii</short_description>
   <long_description>
WiiFlow Compatibility MOD (Beta 4) by saulfabreg (has the ability for autolaunch ROMs via arguments, via meta.xml or WiiFlow).

The Wii64Team proudly presents Wii64 Beta 1.3 (Wii version with Rice GFX Plugin)
Wii64 is a port of Mupen64 0.5 to the Wii/GameCube

It currently runs most games at full speed or close to it, there are some known graphical and/or core issues.
Please see the enclosed README and visit https://github.com/emukidid/Wii64 to report issues, or to check out the latest progress.

Special Thanks to:
Extrems - Not64
drmr - Graphics
marshallh - Wii64 Demo ROM
wiibrew - wiki &amp; forums
shagkur/WinterMute - libogc/devkitPPC
Team Twiizers for Wii homebrew

Wii64 and the Wii64 logo are trademarks of the Wii64 Team and should not be used in unofficial builds.
   </long_description>
   <ahb_access/>
 </app>
