<?xml version="1.0" encoding="UTF-8" standalone="yes"?>
<app version="1.0">
	<name>NeoGamma</name>
	<version>R9 beta 56</version>
        <release_date>200001010000</release_date>
	<coder>WiiPower</coder>
	<short_description>Play Wii and GC Games</short_description>
	<long_description>This is an unofficial modification based on WiiGator's Gamma release. For more information visit the forums at http://gbatemp.net. An installed cIOS is required for this application to be functional! USE AT YOUR OWN RISK! Graphics by: Empyr69er</long_description>
	<no_ios_reload/>
</app>
